Code station,Nom station,,,Code ZAS,,,,,,,,,,Latitude,Longitude
FR01005,Hayange,,,ATMO GRAND EST,,,,,,,,,,"49,324722","6,076108"
FR01011,Metz-Centre,,,ATMO GRAND EST,,,,,,,,,,"49,119442","6,180833"
FR01012,Metz-Borny,,,ATMO GRAND EST,,,,,,,,,,"49,110283","6,223336"
FR01014,Pont-à-Mousson,,,ATMO GRAND EST,,,,,,,,,,"48,915","6,058336"
FR01015,Blénod-lès-PAM,,,ATMO GRAND EST,,,,,,,,,,"48,884724","6,051392"
FR01016,Atton,,,ATMO GRAND EST,,,,,,,,,,"48,886387","6,093611"
FR01018,Scy-Chazelles,,,ATMO GRAND EST,,,,,,,,,,"49,107502","6,122775"
FR01019,Thionville-Piscine,,,ATMO GRAND EST,,,,,,,,,,"49,36861","6,160831"
FR01020,Thionville-Centre,,,ATMO GRAND EST,,,,,,,,,,"49,358337","6,156942"
FR01021,Thionville-Garche,,,ATMO GRAND EST,,,,,,,,,,"49,394444","6,201392"
FR01022,St-Julien-lès-Metz,,,ATMO GRAND EST,,,,,,,,,,"49,131115","6,207225"
FR01059,HAYANGE-MARSPICH,,,ATMO GRAND EST,,,,,,,,,,"49,3374","6,08207"
FR01060,Malroy,,,ATMO GRAND EST,,,,,,,,,,"49,16885","6,212669"
FR01061,Florange_Bétange_HAP,,,ATMO GRAND EST,,,,,,,,,,"49,3331","6,1147"
FR01063,Serémange-Erzange,,,ATMO GRAND EST,,,,,,,,,,"49,321334","6,103931"
FR01064,Metz- Pont Grilles,,,ATMO GRAND EST,,,,,,,,,,"49,12508","6,181219"
FR01065,Belleville sur Meuse,,,ATMO GRAND EST,,,,,,,,,,"49,16778","5,387461"
FR01066,Fameck,,,ATMO GRAND EST,,,,,,,,,,"49,305089","6,101194"
FR02001,Berre l'Etang,,,ATMO SUD,,,,,,,,,,"43,486234","5,171939"
FR02003,Chateauneuf,,,ATMO SUD,,,,,,,,,,"43,386816","5,16006"
FR02004,Martigues P. Central,,,ATMO SUD,,,,,,,,,,"43,416661","5,042731"
FR02005,Martigues l'Ile,,,ATMO SUD,,,,,,,,,,"43,405297","5,051636"
FR02006,Martigues Laurons,,,ATMO SUD,,,,,,,,,,"43,358982","5,023388"
FR02007,Martigues La Gatasse,,,ATMO SUD,,,,,,,,,,"43,360692","5,058139"
FR02008,Port de Bouc Leque,,,ATMO SUD,,,,,,,,,,"43,401952","4,981919"
FR02009,Port Saint Louis,,,ATMO SUD,,,,,,,,,,"43,39378","4,801024"
FR02011,Fos sur Mer,,,ATMO SUD,,,,,,,,,,"43,437858","4,945116"
FR02012,Istres,,,ATMO SUD,,,,,,,,,,"43,506149","4,982898"
FR02013,Fos Les Carabins,,,ATMO SUD,,,,,,,,,,"43,458927","4,934572"
FR02019,Vitrolles,,,ATMO SUD,,,,,,,,,,"43,44603","5,254136"
FR02020,Rognac les Brets,,,ATMO SUD,,,,,,,,,,"43,510802","5,220046"
FR02021,Sausset les Pins,,,ATMO SUD,,,,,,,,,,"43,331245","5,117696"
FR02022,Arles,,,ATMO SUD,,,,,,,,,,"43,675114","4,62921"
FR02024,Ste Maries de la Mer,,,ATMO SUD,,,,,,,,,,"43,457076","4,428002"
FR02026,Miramas Centre Ville,,,ATMO SUD,,,,,,,,,,"43,584693","5,006452"
FR02028,Martigues Lavera,,,ATMO SUD,,,,,,,,,,"43,386564","5,026868"
FR02029,Chateauneuf La Mede,,,ATMO SUD,,,,,,,,,,"43,399546","5,113214"
FR02033,Martigues  Couronne,,,ATMO SUD,,,,,,,,,,"43,339893","5,058827"
FR02041,SALON,,,ATMO SUD,,,,,,,,,,"43,639002","5,101097"
FR02043,Marignane,,,ATMO SUD,,,,,,,,,,"43,4165306","5,222281"
FR03006,MARSEILLE RABATAU,,,ATMO SUD,,,,,,,,,,"43,276451","5,39736"
FR03014,MARSEILLE ST LOUIS,,,ATMO SUD,,,,,,,,,,"43,348048","5,360119"
FR03021,AIX ROY RENE,,,ATMO SUD,,,,,,,,,,"43,524075","5,448164"
FR03027,PLAN AUPS/STE  BAUME,,,ATMO SUD,,,,,,,,,,"43,335201","5,727365"
FR03029,AIX CENTRE ECOLE ART,,,ATMO SUD,,,,,,,,,,"43,530285","5,440912"
FR03030,GARDANNE,,,ATMO SUD,,,,,,,,,,"43,453584","5,466672"
FR03032,AUBAGNE LES PASSONS,,,ATMO SUD,,,,,,,,,,"43,293138","5,574184"
FR03037,VALLEE HUVEAUNE,,,ATMO SUD,,,,,,,,,,"43,283341","5,511384"
FR03043,MARSEILLE 5 AVENUES,,,ATMO SUD,,,,,,,,,,"43,305287","5,394716"
FR03048,AIX PLATANES,,,ATMO SUD,,,,,,,,,,"43,555777","5,461232"
FR03060,LA SEYNE GENOUD,,,ATMO SUD,,,,,,,,,,"43,101565","5,875404"
FR03067,BRIGNOLES,,,ATMO SUD,,,,,,,,,,"43,398731","6,075611"
FR03068,TOULON FOCH,,,ATMO SUD,,,,,,,,,,"43,126821","5,921605"
FR03069,HYERES,,,ATMO SUD,,,,,,,,,,"43,119737","6,131319"
FR03070,ESTEREL,,,ATMO SUD,,,,,,,,,,"43,43786","6,768366"
FR03071,TOULON CLARET,,,ATMO SUD,,,,,,,,,,"43,131113","5,924184"
FR03080,AVIGNON   MAIRIE,,,ATMO SUD,,,,,,,,,,"43,949673","4,804341"
FR03084,LE PONTET,,,ATMO SUD,,,,,,,,,,"43,960144","4,856731"
FR03086,APT,,,ATMO SUD,,,,,,,,,,"43,88012","5,362038"
FR03087,Avignon Semard,,,ATMO SUD,,,,,,,,,,"43,93706","4,824909"
FR03088,CARPENTRAS,,,ATMO SUD,,,,,,,,,,"44,060347","5,067413"
FR04002,GENNEVILLIERS,,,AIRPARIF,,,,,,,,,,"48,92972","2,294722"
FR04004,PARIS 18eme,,,AIRPARIF,,,,,,,,,,"48,891666","2,346667"
FR04012,Place Victor Basch,,,AIRPARIF,,,,,,,,,,"48,827778","2,3275"
FR04014,PARIS 12eme,,,AIRPARIF,,,,,,,,,,"48,837223","2,3939"
FR04017,NEUILLY-SUR-SEINE,,,AIRPARIF,,,,,,,,,,"48,88139","2,278056"
FR04018,AUBERVILLIERS,,,AIRPARIF,,,,,,,,,,"48,9039","2,3847"
FR04023,CERGY-PONTOISE,,,AIRPARIF,,,,,,,,,,"49,04639","2,043056"
FR04024,GONESSE,,,AIRPARIF,,,,,,,,,,"48,99083","2,444722"
FR04029,VERSAILLES,,,AIRPARIF,,,,,,,,,,"48,799168","2,130556"
FR04031,Av Champs Elysees,,,AIRPARIF,,,,,,,,,,"48,86889","2,311944"
FR04034,VITRY-SUR-SEINE,,,AIRPARIF,,,,,,,,,,"48,7758","2,3758"
FR04037,PARIS 13eme,,,AIRPARIF,,,,,,,,,,"48,82861","2,360278"
FR04038,Zone Rurale SO,,,AIRPARIF,,,,,,,,,,"48,581944","1,883333"
FR04048,Zone Rurale Nord,,,AIRPARIF,,,,,,,,,,"49,100277","2,343889"
FR04049,LES ULIS,,,AIRPARIF,,,,,,,,,,"48,679443","2,165556"
FR04051,ARGENTEUIL,,,AIRPARIF,,,,,,,,,,"48,95139","2,223611"
FR04055,PARIS 1er Les Halles,,,AIRPARIF,,,,,,,,,,"48,86212","2,344616"
FR04058,Auto A1 -Saint-Denis,,,AIRPARIF,,,,,,,,,,"48,925278","2,356667"
FR04059,SAINT-DENIS,,,AIRPARIF,,,,,,,,,,"48,93722","2,361667"
FR04060,PARIS 7eme,,,AIRPARIF,,,,,,,,,,"48,8572","2,2933"
FR04063,MANTES-LA-JOLIE,,,AIRPARIF,,,,,,,,,,"48,9964","1,7033"
FR04066,Zone rurale Sud,,,AIRPARIF,,,,,,,,,,"48,364166","2,236944"
FR04069,MELUN,,,AIRPARIF,,,,,,,,,,"48,54139","2,661389"
FR04071,Rue Bonaparte,,,AIRPARIF,,,,,,,,,,"48,856388","2,335278"
FR04098,LOGNES,,,AIRPARIF,,,,,,,,,,"48,84028","2,635278"
FR04099,NOGENT-SUR-MARNE,,,AIRPARIF,,,,,,,,,,"48,840557","2,484444"
FR04100,VILLEMOMBLE,,,AIRPARIF,,,,,,,,,,"48,881947","2,507222"
FR04101,CHAMPIGNY-SUR-MARNE,,,AIRPARIF,,,,,,,,,,"48,816387","2,5175"
FR04118,Place de l'Opéra,,,AIRPARIF,,,,,,,,,,"48,870274","2,3325"
FR04122,RN6-MELUN,,,AIRPARIF,,,,,,,,,,"48,528057","2,653611"
FR04123,RN2-PANTIN,,,AIRPARIF,,,,,,,,,,"48,90222","2,390833"
FR04131,Boulevard Haussmann,,,AIRPARIF,,,,,,,,,,"48,873333","2,330278"
FR04135,Boulevard Soult,,,AIRPARIF,,,,,,,,,,"48,83796","2,408061"
FR04141,Quai des Celestins,,,AIRPARIF,,,,,,,,,,"48,85278","2,360556"
FR04142,Zone Rurale Nord-Est,,,AIRPARIF,,,,,,,,,,"49,028057","2,750278"
FR04149,MONTGERON,,,AIRPARIF,,,,,,,,,,"48,7067","2,4572"
FR04150,LA DEFENSE,,,AIRPARIF,,,,,,,,,,"48,891388","2,240556"
FR04156,BOBIGNY,,,AIRPARIF,,,,,,,,,,"48,902504","2,4525"
FR04158,Zone Rurale NO,,,AIRPARIF,,,,,,,,,,"49,063087","1,866381"
FR04173,RD934 Coulommiers,,,AIRPARIF,,,,,,,,,,"48,8059","3,084158"
FR04179,PARIS Stade Lenglen,,,AIRPARIF,,,,,,,,,,"48,830387","2,269889"
FR04180,RN20 - MONTLHERY,,,AIRPARIF,,,,,,,,,,"48,64093","2,26872"
FR04181,RAMBOUILLET,,,AIRPARIF,,,,,,,,,,"48,63373","1,830529"
FR04184,BAGNEAUX-SUR-LOING,,,AIRPARIF,,,,,,,,,,"48,231475","2,70617777777777"
FR04185,POMMEUSE,,,AIRPARIF,,,,,,,,,,"48,8158806","2,99124722222222"
FR04319,TREMBLAY-EN-FRANCE,,,AIRPARIF,,,,,,,,,,"48,95555","2,575278"
FR04323,EVRY,,,AIRPARIF,,,,,,,,,,"48,62722","2,429167"
FR04324,Zone Rurale Est,,,AIRPARIF,,,,,,,,,,"48,761665","3,058333"
FR04328,Zone Rurale SE,,,AIRPARIF,,,,,,,,,,"48,3547","2,6453"
FR04329,Bld peripherique Est,,,AIRPARIF,,,,,,,,,,"48,838615","2,412781"
FR04331,LIMAY,,,AIRPARIF,,,,,,,,,,"48,985523","1,754142"
FR05010,St Romain de Colbosc,,,ATMO NORMANDIE,,,,,,,,,,"49,528927","0,358733"
FR05037,Caucriauville,,,ATMO NORMANDIE,,,,,,,,,,"49,503906","0,175731"
FR05056,Quillebeuf Phare,,,ATMO NORMANDIE,,,,,,,,,,"49,47372","0,526158"
FR05069,Tancarville Mairie,,,ATMO NORMANDIE,,,,,,,,,,"49,487682","0,451756"
FR05070,Harfleur Ecole Coty,,,ATMO NORMANDIE,,,,,,,,,,"49,505","0,201694"
FR05072,Sainte Adresse,,,ATMO NORMANDIE,,,,,,,,,,"49,50386","0,084614"
FR05074,Le Havre Ec. Herriot,,,ATMO NORMANDIE,,,,,,,,,,"49,48963","0,100703"
FR05078,Le Havre Massillon,,,ATMO NORMANDIE,,,,,,,,,,"49,4983","0,142706"
FR05080,Rogerville Mairie,,,ATMO NORMANDIE,,,,,,,,,,"49,50362","0,266872"
FR05081,La Cerlangue,,,ATMO NORMANDIE,,,,,,,,,,"49,504036","0,411594"
FR05082,Touques,,,ATMO NORMANDIE,,,,,,,,,,"49,348","0,109253"
FR05083,Gonfreville l Orcher,,,ATMO NORMANDIE,,,,,,,,,,"49,50273","0,232486"
FR05084,NDGravenchon Pasteur,,,ATMO NORMANDIE,,,,,,,,,,"49,493332","0,571853"
FR05085,Lillebonne,,,ATMO NORMANDIE,,,,,,,,,,"49,512146","0,539036"
FR05087,Maison Parc Brotonne,,,ATMO NORMANDIE,,,,,,,,,,"49,498295","0,758833"
FR05088,Fécamp,,,ATMO NORMANDIE,,,,,,,,,,"49,75","0,4159"
FR05089,Le Havre Lafaurie-montant,,,ATMO NORMANDIE,,,,,,,,,,"49,500187","0,110903"
FR05090,Le Havre ville-haute,,,ATMO NORMANDIE,,,,,,,,,,"49,514686","0,100645"
FR05500,Gonfreville l Orcher Côte Blanche,,,ATMO NORMANDIE,,,,,,,,,,"49,4989","0,2296"
FR05501,Gonfreville Pissotière à Madame,,,ATMO NORMANDIE,,,,,,,,,,"49,4975","0,2531"
FR05502,Quillebeuf sur Seine rue Féret,,,ATMO NORMANDIE,,,,,,,,,,"49,4675","0,531"
FR05503,Notre Dame de Gravenchon Prevert,,,ATMO NORMANDIE,,,,,,,,,,"49,4811","0,574611"
FR06001,Valenciennes Acacias,,,ATMO HAUTS DE FRANCE,,,,,,,,,,"50,35853","3,50804"
FR06003,Douai Theuriet,,,ATMO HAUTS DE FRANCE,,,,,,,,,,"50,37822","3,06586"
FR06006,Valenciennes Wallon,,,ATMO HAUTS DE FRANCE,,,,,,,,,,"50,36425","3,52273"
FR06007,Maubeuge Joyeuse,,,ATMO HAUTS DE FRANCE,,,,,,,,,,"50,27936","3,97691"
FR06011,Denain Villars,,,ATMO HAUTS DE FRANCE,,,,,,,,,,"50,32276","3,39593"
FR06133,Cartignies,,,ATMO HAUTS DE FRANCE,,,,,,,,,,"50,09225","3,85003"
FR06134,Saint Amand,,,ATMO HAUTS DE FRANCE,,,,,,,,,,"50,45647","3,42794"
FR07004,Montferrand,,,ATMO AUVERGNE-RHÔNE-ALPES,,,,,,,,,,"45,79728","3,113833"
FR07009,Jardin Lecoq,,,ATMO AUVERGNE-RHÔNE-ALPES,,,,,,,,,,"45,772167","3,0875"
FR07022,Paray le Fresil,,,ATMO AUVERGNE-RHÔNE-ALPES,,,,,,,,,,"46,652668","3,600667"
FR07028,Les Ancizes,,,ATMO AUVERGNE-RHÔNE-ALPES,,,,,,,,,,"45,929333","2,829806"
FR07031,Rageade,,,ATMO AUVERGNE-RHÔNE-ALPES,,,,,,,,,,"45,10472","3,277361"
FR07034,Clermont-Esplanade Gare,,,ATMO AUVERGNE-RHÔNE-ALPES,,,,,,,,,,"45,775696","3,09625"
FR07039,Chamalières Europe,,,ATMO AUVERGNE-RHÔNE-ALPES,,,,,,,,,,"45,774728","3,062978"
FR07048,Villeneuve sur Allier,,,ATMO AUVERGNE-RHÔNE-ALPES,,,,,,,,,,"46,659048","3,249247"
FR07051,Beaulieu,,,ATMO AUVERGNE-RHÔNE-ALPES,,,,,,,,,,"45,769","3,155"
FR07052,Aurillac-Lagarde,,,ATMO AUVERGNE-RHÔNE-ALPES,,,,,,,,,,"44,92008","2,441082"
FR07053,Edouard Michelin,,,ATMO AUVERGNE-RHÔNE-ALPES,,,,,,,,,,"45,780434","3,111592"
FR07054,Le Puy-Causans,,,ATMO AUVERGNE-RHÔNE-ALPES,,,,,,,,,,"45,039001","3,887001"
FR07056,Pays du Mezenc,,,ATMO AUVERGNE-RHÔNE-ALPES,,,,,,,,,,"44,98377","4,226006"
FR07057,Moulins Centre,,,ATMO AUVERGNE-RHÔNE-ALPES,,,,,,,,,,"46,5619722","3,34063888888888"
FR07058,Montluçon,,,ATMO AUVERGNE-RHÔNE-ALPES,,,,,,,,,,"46,340723","2,593945"
FR07059,Vichy,,,ATMO AUVERGNE-RHÔNE-ALPES,,,,,,,,,,"46,130431","3,425694"
FR07060,Royat Périurbaine,,,ATMO AUVERGNE-RHÔNE-ALPES,,,,,,,,,,"45,764111","3,046111"
FR07061,Riom Périurbaine,,,ATMO AUVERGNE-RHÔNE-ALPES,,,,,,,,,,"45,89674","3,122254"
FR07202,Stade Leclanche,,,ATMO AUVERGNE-RHÔNE-ALPES,,,,,,,,,,"45,807487","3,111111"
FR08003,Chaptal,,,ATMO OCCITANIE,,,,,,,,,,"43,611668","3,864722"
FR08004,Saint Denis,,,ATMO OCCITANIE,,,,,,,,,,"43,605","3,8746"
FR08016,Montpellier Prés d'Arènes,,,ATMO OCCITANIE,,,,,,,,,,"43,591526","3,886894"
FR08017,Périurbaine Sud,,,ATMO OCCITANIE,,,,,,,,,,"43,570606","3,911556"
FR08018,Périurbaine Nord,,,ATMO OCCITANIE,,,,,,,,,,"43,695366","3,800817"
FR08020,Lunel,,,ATMO OCCITANIE,,,,,,,,,,"43,675762","4,088422"
FR08022,Agathois-piscénois,,,ATMO OCCITANIE,,,,,,,,,,"43,287758","3,504831"
FR08023,Biterrois-Narbonnais,,,ATMO OCCITANIE,,,,,,,,,,"43,40679","3,188806"
FR08030,Pompignane,,,ATMO OCCITANIE,,,,,,,,,,"43,609974","3,898611"
FR08209,Gard Rhodanien2,,,ATMO OCCITANIE,,,,,,,,,,"43,942886","4,679686"
FR08252,GARNOR03,,,ATMO OCCITANIE,,,,,,,,,,"44,053562","4,697364"
FR08614,Gauzy,,,ATMO OCCITANIE,,,,,,,,,,"43,834404","4,374219"
FR08616,Planas,,,ATMO OCCITANIE,,,,,,,,,,"43,829887","4,361989"
FR08617,La Calmette,,,ATMO OCCITANIE,,,,,,,,,,"43,925392","4,265814"
FR08712,St Estève,,,ATMO OCCITANIE,,,,,,,,,,"42,719833","2,839872"
FR08713,Rigaud,,,ATMO OCCITANIE,,,,,,,,,,"42,684025","2,903453"
FR08714,Les Carmes,,,ATMO OCCITANIE,,,,,,,,,,"42,6958","2,8997"
FR09003,place de VERDUN,,,ATMO NOUVELLE-AQUITAINE,,,,,,,,,,"46,162556","-1,153603"
FR09008,Aytré,,,ATMO NOUVELLE-AQUITAINE,,,,,,,,,,"46,135155","-1,117042"
FR09015,Les Couronneries,,,ATMO NOUVELLE-AQUITAINE,,,,,,,,,,"46,586918","0,358583"
FR09016,La Couronne,,,ATMO NOUVELLE-AQUITAINE,,,,,,,,,,"45,60882","0,099722"
FR09019,Niort Ferry,,,ATMO NOUVELLE-AQUITAINE,,,,,,,,,,"46,329586","-0,458889"
FR09103,Square Pablo Casals,,,ATMO NOUVELLE-AQUITAINE,,,,,,,,,,"45,647415","0,167167"
FR09106,ANGOULEME-GAMBETTA,,,ATMO NOUVELLE-AQUITAINE,,,,,,,,,,"45,65145","0,162367"
FR09203,La Pallice3 LR,,,ATMO NOUVELLE-AQUITAINE,,,,,,,,,,"46,16161","-1,211203"
FR09301,AIRVAULT 2,,,ATMO NOUVELLE-AQUITAINE,,,,,,,,,,"46,824368","-0,135461"
FR09302,Zoodyssée Chizé,,,ATMO NOUVELLE-AQUITAINE,,,,,,,,,,"46,143173","-0,396042"
FR09303,Niort Venise,,,ATMO NOUVELLE-AQUITAINE,,,,,,,,,,"46,320016","-0,482888"
FR09399,Niort Trafic 6,,,ATMO NOUVELLE-AQUITAINE,,,,,,,,,,"46,321747","-0,465972"
FR09403,Poitiers-Le Nain,,,ATMO NOUVELLE-AQUITAINE,,,,,,,,,,"46,5909","0,3404"
FR09404,Poitiers Centre  Augouard,,,ATMO NOUVELLE-AQUITAINE,,,,,,,,,,"46,58389","0,345556"
FR10004,Malo-les-Bains,,,ATMO HAUTS DE FRANCE,,,,,,,,,,"51,04858","2,42004"
FR10012,Mardyck,,,ATMO HAUTS DE FRANCE,,,,,,,,,,"51,01943","2,25099"
FR10016,Calais Berthelot,,,ATMO HAUTS DE FRANCE,,,,,,,,,,"50,94729","1,84308"
FR10017,St Pol mer - cheminots,,,ATMO HAUTS DE FRANCE,,,,,,,,,,"51,032761","2,332358"
FR10025,Sangatte,,,ATMO HAUTS DE FRANCE,,,,,,,,,,"50,94989","1,76917"
FR10026,Calais Parmentier,,,ATMO HAUTS DE FRANCE,,,,,,,,,,"50,9578","1,89008"
FR10028,Gravelines PC/Drire,,,ATMO HAUTS DE FRANCE,,,,,,,,,,"50,98106","2,14317"
FR10029,Cappelle la Grande,,,ATMO HAUTS DE FRANCE,,,,,,,,,,"50,99594","2,36627"
FR10030,Boulogne Diderot,,,ATMO HAUTS DE FRANCE,,,,,,,,,,"50,717029","1,605913"
FR10032,Outreau,,,ATMO HAUTS DE FRANCE,,,,,,,,,,"50,69435","1,57657"
FR10034,Grande-synthe,,,ATMO HAUTS DE FRANCE,,,,,,,,,,"51,02446","2,30215"
FR10041,St Omer Ribot,,,ATMO HAUTS DE FRANCE,,,,,,,,,,"50,74823","2,25978"
FR10132,Campagne les B.,,,ATMO HAUTS DE FRANCE,,,,,,,,,,"50,61048","1,99145"
FR11007,Lille Leeds,,,ATMO HAUTS DE FRANCE,,,,,,,,,,"50,6407944","3,074772"
FR11016,Marcq CTM,,,ATMO HAUTS DE FRANCE,,,,,,,,,,"50,67003","3,07656"
FR11025,Lille Fives,,,ATMO HAUTS DE FRANCE,,,,,,,,,,"50,62805","3,09031"
FR11026,Halluin stade,,,ATMO HAUTS DE FRANCE,,,,,,,,,,"50,775482","3,12568"
FR11034,Roubaix Serres,,,ATMO HAUTS DE FRANCE,,,,,,,,,,"50,706535","3,18066"
FR11114,Wattignies,,,ATMO HAUTS DE FRANCE,,,,,,,,,,"50,59774","3,04946"
FR12004,ECOLE M.JACQUIER,,,ATMO OCCITANIE,,,,,,,,,,"43,575558","1,418611"
FR12012,Faure,,,ATMO OCCITANIE,,,,,,,,,,"43,63611","1,431389"
FR12013,Ferry,,,ATMO OCCITANIE,,,,,,,,,,"43,63389","1,431108"
FR12015,MIRAMONT,,,ATMO OCCITANIE,,,,,,,,,,"43,09444","0,744722"
FR12016,DAURAT ST GAUDENS,,,ATMO OCCITANIE,,,,,,,,,,"43,106388","0,718889"
FR12020,PEYRUSSE,,,ATMO OCCITANIE,,,,,,,,,,"43,63028","0,179722"
FR12021,MAZADES,,,ATMO OCCITANIE,,,,,,,,,,"43,623615","1,438611"
FR12026,ALBI DELMAS,,,ATMO OCCITANIE,,,,,,,,,,"43,928055","2,146111"
FR12029,GAUDONVILLE,,,ATMO OCCITANIE,,,,,,,,,,"43,88361","0,845"
FR12030,BERTHELOT,,,ATMO OCCITANIE,,,,,,,,,,"43,58722","1,443889"
FR12031,BELESTA EN LAURAGAIS,,,ATMO OCCITANIE,,,,,,,,,,"43,44139","1,821944"
FR12038,BOULODROME,,,ATMO OCCITANIE,,,,,,,,,,"43,635834","1,429444"
FR12039,EISENHOWER,,,ATMO OCCITANIE,,,,,,,,,,"43,561581","1,39326"
FR12040,CHAPITRE,,,ATMO OCCITANIE,,,,,,,,,,"43,556946","1,406389"
FR12041,SICOVAL,,,ATMO OCCITANIE,,,,,,,,,,"43,457497","1,571111"
FR12042,LOURDES LAPACCA,,,ATMO OCCITANIE,,,,,,,,,,"43,096943","-0,038889"
FR12044,Aeroport cote trafic,,,ATMO OCCITANIE,,,,,,,,,,"43,634001","1,376"
FR12045,LOURDES PARADIS,,,ATMO OCCITANIE,,,,,,,,,,"43,094997","-0,051944"
FR12047,BESSIERES,,,ATMO OCCITANIE,,,,,,,,,,"43,80389","1,595833"
FR12050,VIVIEZ-Place du 8 Mai,,,ATMO OCCITANIE,,,,,,,,,,"44,56028","2,226111"
FR12052,Lycée Dupuy à Tarbes,,,ATMO OCCITANIE,,,,,,,,,,"43,230278","0,062222"
FR12053,Stade Travet CASTRES,,,ATMO OCCITANIE,,,,,,,,,,"43,610558","2,23"
FR12054,TRAFIC_TOULOUSE,,,ATMO OCCITANIE,,,,,,,,,,"43,643055","1,46765"
FR12085,Port de l Embouchure,,,ATMO OCCITANIE,,,,,,,,,,"43,610386","1,4152"
FR12095,Rodez,,,ATMO OCCITANIE,,,,,,,,,,"44,35699225","2,57070422"
FR14008,REVIN,,,ATMO GRAND EST,,,,,,,,,,"49,90778","4,63"
FR14010,BETHENY,,,ATMO GRAND EST,,,,,,,,,,"49,28222","4,051111"
FR14011,DOUMER,,,ATMO GRAND EST,,,,,,,,,,"49,250732","4,023064"
FR14012,Jean d Aulan,,,ATMO GRAND EST,,,,,,,,,,"49,224167","4,020556"
FR14022,CHALONS,,,ATMO GRAND EST,,,,,,,,,,"48,962223","4,36"
FR14028,Rempart Perrier,,,ATMO GRAND EST,,,,,,,,,,"49,0461","3,955911"
FR14029,Capitainerie,,,ATMO GRAND EST,,,,,,,,,,"48,7266","4,594781"
FR14031,LA TOUR,,,ATMO GRAND EST,,,,,,,,,,"48,301666","4,076944"
FR14032,ST PARRES AUX TERTRE,,,ATMO GRAND EST,,,,,,,,,,"48,299168","4,117222"
FR14033,STE SAVINE,,,ATMO GRAND EST,,,,,,,,,,"48,295002","4,050278"
FR14042,St DIZIER L. Michel,,,ATMO GRAND EST,,,,,,,,,,"48,645836","4,966111"
FR14048,HAP Bourbonne,,,ATMO GRAND EST,,,,,,,,,,"47,9542","5,7491"
FR14051,CHARLEVILLE,,,ATMO GRAND EST,,,,,,,,,,"49,745277","4,719167"
FR14801,Métaux BSN,,,ATMO GRAND EST,,,,,,,,,,"49,233612","4,056939"
FR15013,Champ sur Drac,,,ATMO AUVERGNE-RHÔNE-ALPES,,,,,,,,,,"45,07954","5,728653"
FR15018,Voiron Urbain,,,ATMO AUVERGNE-RHÔNE-ALPES,,,,,,,,,,"45,360176","5,589419"
FR15031,Le Casset2,,,ATMO AUVERGNE-RHÔNE-ALPES,,,,,,,,,,"44,997","6,4694"
FR15038,St Martin d'Heres,,,ATMO AUVERGNE-RHÔNE-ALPES,,,,,,,,,,"45,1828","5,7531"
FR15039,Le Rondeau,,,ATMO AUVERGNE-RHÔNE-ALPES,,,,,,,,,,"45,158363","5,703764"
FR15043,Grenoble Les Frenes,,,ATMO AUVERGNE-RHÔNE-ALPES,,,,,,,,,,"45,1619","5,7356"
FR15045,Grenoble PeriurbSud,,,ATMO AUVERGNE-RHÔNE-ALPES,,,,,,,,,,"45,0578","5,6767"
FR15046,Grenoble Boulevards,,,ATMO AUVERGNE-RHÔNE-ALPES,,,,,,,,,,"45,18069","5,720625"
FR15048,Gresivaudan Periurb,,,ATMO AUVERGNE-RHÔNE-ALPES,,,,,,,,,,"45,2797","5,8822"
FR16001,Strasbourg Ouest,,,ATMO GRAND EST,,,,,,,,,,"48,608818","7,708917"
FR16017,Nord-Est Alsace,,,ATMO GRAND EST,,,,,,,,,,"48,919357","8,158458"
FR16029,STG Nord,,,ATMO GRAND EST,,,,,,,,,,"48,610363","7,781631"
FR16031,Vosges du Nord,,,ATMO GRAND EST,,,,,,,,,,"48,85731","7,314175"
FR16034,STG Clemenceau,,,ATMO GRAND EST,,,,,,,,,,"48,59043","7,744983"
FR16038,Strasbourg Est,,,ATMO GRAND EST,,,,,,,,,,"48,570374","7,766331"
FR16040,Strasbourg A35,,,ATMO GRAND EST,,,,,,,,,,"48,575985","7,727478"
FR16041,Strasbourg Sud 2,,,ATMO GRAND EST,,,,,,,,,,"48,5157","7,687819"
FR16052,Thann,,,ATMO GRAND EST,,,,,,,,,,"47,810932","7,105553"
FR16054,Colmar Centre,,,ATMO GRAND EST,,,,,,,,,,"48,074642","7,350667"
FR16057,Mulhouse Nord,,,ATMO GRAND EST,,,,,,,,,,"47,757435","7,347294"
FR16059,Chalampé,,,ATMO GRAND EST,,,,,,,,,,"47,820248","7,538683"
FR16060,C.C.3 Frontières,,,ATMO GRAND EST,,,,,,,,,,"47,594913","7,568175"
FR16064,Colmar Sud,,,ATMO GRAND EST,,,,,,,,,,"48,065414","7,333139"
FR16065,Mulhouse Est,,,ATMO GRAND EST,,,,,,,,,,"47,723106","7,341603"
FR16066,Mulhouse Sud 2,,,ATMO GRAND EST,,,,,,,,,,"47,737415","7,309075"
FR16067,Vieux Thann 3,,,ATMO GRAND EST,,,,,,,,,,"47,80221","7,122844"
FR16069,Mulhouse-Briand,,,ATMO GRAND EST,,,,,,,,,,"47,747684","7,321364"
FR16302,Vosges Moyennes 2,,,ATMO GRAND EST,,,,,,,,,,"48,492992","7,1298"
FR18019,Nogent sur Oise,,,ATMO HAUTS DE FRANCE,,,,,,,,,,"49,276386","2,482167"
FR18035,Salouel,,,ATMO HAUTS DE FRANCE,,,,,,,,,,"49,86889","2,239806"
FR18039,Arrest,,,ATMO HAUTS DE FRANCE,,,,,,,,,,"50,129448","1,610833"
FR18042,P. Roth St Quentin,,,ATMO HAUTS DE FRANCE,,,,,,,,,,"49,851334","3,284"
FR18043,Faiencerie Creil,,,ATMO HAUTS DE FRANCE,,,,,,,,,,"49,259552","2,474397"
FR18045,Roye,,,ATMO HAUTS DE FRANCE,,,,,,,,,,"49,696697","2,801139"
FR18053,St Pierre Amiens,,,ATMO HAUTS DE FRANCE,,,,,,,,,,"49,9025","2,3046"
FR18055,Creil République,,,ATMO HAUTS DE FRANCE,,,,,,,,,,"49,260342","2,475004"
FR18079,TRAFIC AMIENS,,,ATMO HAUTS DE FRANCE,,,,,,,,,,"49,87722","2,2825"
FR18080,TRAF Saint Quent 14,,,ATMO HAUTS DE FRANCE,,,,,,,,,,"49,84282","3,281439"
FR18089,Trafic Beauvais 1,,,ATMO HAUTS DE FRANCE,,,,,,,,,,"49,435932","2,084292"
FR19002,Rennes Laennec,,,AIR BREIZH,,,,,,,,,,"48,10861","-1,66586"
FR19007,HALLES,,,AIR BREIZH,,,,,,,,,,"48,10751","-1,67984"
FR19010,Rennes St-Yves,,,AIR BREIZH,,,,,,,,,,"48,11075","-1,68292"
FR19012,Brest Mace,,,AIR BREIZH,,,,,,,,,,"48,38618","-4,4866"
FR19014,Brest Desmoulins,,,AIR BREIZH,,,,,,,,,,"48,39746","-4,48871"
FR19016,BREST Plouzané,,,AIR BREIZH,,,,,,,,,,"48,359444","-4,568055"
FR19017,Rennes Pays-Bas,,,AIR BREIZH,,,,,,,,,,"48,08965","-1,65911"
FR19018,MORDELLES BELLAIS,,,AIR BREIZH,,,,,,,,,,"48,082883","-1,834583"
FR19019,Rennes Rue Saint Malo,,,AIR BREIZH,,,,,,,,,,"48,12659","-1,68606"
FR19020,Kergoff,,,AIR BREIZH,,,,,,,,,,"48,261963","-2,943631"
FR19021,Lorient CTM,,,AIR BREIZH,,,,,,,,,,"47,75171","-3,37501"
FR19032,Lorient B. Bissonnet,,,AIR BREIZH,,,,,,,,,,"47,7425","-3,39501"
FR19033,Vannes UTA,,,AIR BREIZH,,,,,,,,,,"47,64892","-2,76399"
FR19037,Lorient Normandie,,,AIR BREIZH,,,,,,,,,,"47,758947","-3,36938"
FR19052,Quimper Pommiers,,,AIR BREIZH,,,,,,,,,,"47,99612","-4,09972"
FR19053,QUIMPER ZOLA,,,AIR BREIZH,,,,,,,,,,"47,986606","-4,097658"
FR19061,Saint Brieuc Balzac,,,AIR BREIZH,,,,,,,,,,"48,51351","-2,74953"
FR19082,StMalo Rocabey,,,AIR BREIZH,,,,,,,,,,"48,65306","-2,00268"
FR20013,A7 SUD LYONNAIS,,,ATMO AUVERGNE-RHÔNE-ALPES,,,,,,,,,,"45,720024","4,818156"
FR20017,GERLAND,,,ATMO AUVERGNE-RHÔNE-ALPES,,,,,,,,,,"45,73529","4,829794"
FR20019,GRANDCLEMENT,,,ATMO AUVERGNE-RHÔNE-ALPES,,,,,,,,,,"45,75836","4,886214"
FR20029,FEYZIN STADE,,,ATMO AUVERGNE-RHÔNE-ALPES,,,,,,,,,,"45,6639","4,8459"
FR20031,ST FONS CENTRE,,,ATMO AUVERGNE-RHÔNE-ALPES,,,,,,,,,,"45,7078","4,8644"
FR20037,TERNAY,,,ATMO AUVERGNE-RHÔNE-ALPES,,,,,,,,,,"45,6019","4,8022"
FR20046,VAULX EN VELIN,,,ATMO AUVERGNE-RHÔNE-ALPES,,,,,,,,,,"45,7789","4,9247"
FR20047,COTIERE AIN,,,ATMO AUVERGNE-RHÔNE-ALPES,,,,,,,,,,"45,823223","4,953958"
FR20048,SAINT EXUPERY,,,ATMO AUVERGNE-RHÔNE-ALPES,,,,,,,,,,"45,7533","5,0722"
FR20049,HAUT BEAUJOLAIS,,,ATMO AUVERGNE-RHÔNE-ALPES,,,,,,,,,,"45,96141","4,465711"
FR20060,VENISSIEUX Village,,,ATMO AUVERGNE-RHÔNE-ALPES,,,,,,,,,,"45,7036","4,8836"
FR20062,LYON Centre,,,ATMO AUVERGNE-RHÔNE-ALPES,,,,,,,,,,"45,757732","4,854214"
FR20064,VERNAISON,,,ATMO AUVERGNE-RHÔNE-ALPES,,,,,,,,,,"45,650616","4,816911"
FR20069,Lyon Périphérique,,,ATMO AUVERGNE-RHÔNE-ALPES,,,,,,,,,,"45,77482","4,898572"
FR20070,LYON TRAFIC JAURES,,,ATMO AUVERGNE-RHÔNE-ALPES,,,,,,,,,,"45,7496944","4,84438888888888"
FR20077,Villefranche Centre ,,,ATMO AUVERGNE-RHÔNE-ALPES,,,,,,,,,,"45,990112","4,715566"
FR21001,Caen Chemin-Vert,,,ATMO NORMANDIE,,,,,,,,,,"49,19222","-0,391111"
FR21016,Caen Vaucelles,,,ATMO NORMANDIE,,,,,,,,,,"49,175278","-0,353611"
FR21017,Ouistreham,,,ATMO NORMANDIE,,,,,,,,,,"49,289444","-0,257778"
FR21019,IFS Caen sud,,,ATMO NORMANDIE,,,,,,,,,,"49,15167","-0,352778"
FR21021,Lisieux,,,ATMO NORMANDIE,,,,,,,,,,"49,147224","0,227222"
FR21031,Alençon Météo-France,,,ATMO NORMANDIE,,,,,,,,,,"48,445553","0,110833"
FR21035,cherbourg doumer,,,ATMO NORMANDIE,,,,,,,,,,"49,63639","-1,626667"
FR21037,Cherbourg port charb,,,ATMO NORMANDIE,,,,,,,,,,"49,64695","-1,59342"
FR21040,Saint-Lô Eglise,,,ATMO NORMANDIE,,,,,,,,,,"49,11639","-1,084722"
FR21050,La Coulonche MERA,,,ATMO NORMANDIE,,,,,,,,,,"48,645","-0,458333"
FR21060,Moult proximité,,,ATMO NORMANDIE,,,,,,,,,,"49,117196","-0,169666"
FR22009,Ecole de Carling(9),,,ATMO GRAND EST,,,,,,,,,,"49,165726","6,716886"
FR22011,L Hôpital - Mairie,,,ATMO GRAND EST,,,,,,,,,,"49,158413","6,731664"
FR22014,Spicheren(14),,,ATMO GRAND EST,,,,,,,,,,"49,19539","6,957444"
FR22019,SCHOENECK (19),,,ATMO GRAND EST,,,,,,,,,,"49,220364","6,925833"
FR22022,SARREGUEMINES,,,ATMO GRAND EST,,,,,,,,,,"49,118343","7,083539"
FR22054,Station de FORBACH,,,ATMO GRAND EST,,,,,,,,,,"49,18742","6,910867"
FR23001,AMPERE,,,AIR PAYS DE LA LOIRE,,,,,,,,,,"47,324097","-2,081567"
FR23003,LA MEGRETAIS,,,AIR PAYS DE LA LOIRE,,,,,,,,,,"47,322826","-2,039853"
FR23004,PASTEUR,,,AIR PAYS DE LA LOIRE,,,,,,,,,,"47,317284","-2,073306"
FR23068,FROSSAY,,,AIR PAYS DE LA LOIRE,,,,,,,,,,"47,24747","-1,936619"
FR23069,SAVENAY,,,AIR PAYS DE LA LOIRE,,,,,,,,,,"47,36075","-1,95475"
FR23070,S ETIENNE DE MONTLUC,,,AIR PAYS DE LA LOIRE,,,,,,,,,,"47,28318","-1,783164"
FR23075,JULES VERNE,,,AIR PAYS DE LA LOIRE,,,,,,,,,,"47,315727","-2,190764"
FR23078,SAINT EXUPERY,,,AIR PAYS DE LA LOIRE,,,,,,,,,,"47,054443","-0,886111"
FR23107,LA CHAUVINIERE,,,AIR PAYS DE LA LOIRE,,,,,,,,,,"47,252777","-1,573333"
FR23110,LEON BLUM,,,AIR PAYS DE LA LOIRE,,,,,,,,,,"47,26412","-2,249858"
FR23120,BEAUX ARTS,,,AIR PAYS DE LA LOIRE,,,,,,,,,,"47,468513","-0,556053"
FR23123,MAZAGRAN,,,AIR PAYS DE LA LOIRE,,,,,,,,,,"48,06943","-0,767692"
FR23124,LA TARDIERE,,,AIR PAYS DE LA LOIRE,,,,,,,,,,"46,656685","-0,743681"
FR23140,VICTOR HUGO,,,AIR PAYS DE LA LOIRE,,,,,,,,,,"47,204395","-1,552828"
FR23149,CUTULLIC2,,,AIR PAYS DE LA LOIRE,,,,,,,,,,"47,286114","-2,032289"
FR23150,APPENTIS,,,AIR PAYS DE LA LOIRE,,,,,,,,,,"47,44739","-0,550067"
FR23152,DELACROIX,,,AIR PAYS DE LA LOIRE,,,,,,,,,,"46,6607","-1,436831"
FR23153,BONNE FONTAINE,,,AIR PAYS DE LA LOIRE,,,,,,,,,,"47,331524","-2,151625"
FR23157,EPINETTES,,,AIR PAYS DE LA LOIRE,,,,,,,,,,"47,146088","-1,690269"
FR23163,Fillé,,,AIR PAYS DE LA LOIRE,,,,,,,,,,"47,92192","0,151825"
FR23174,GUEDOU,,,AIR PAYS DE LA LOIRE,,,,,,,,,,"47,98892","0,195983"
FR23175,CLOS DES BEAUVAIS,,,AIR PAYS DE LA LOIRE,,,,,,,,,,"47,430164","-0,610064"
FR23177,SAINT-DENIS D'ANJOU,,,AIR PAYS DE LA LOIRE,,,,,,,,,,"47,78773","-0,444044"
FR23178,PARSCAU DU PLESSIS,,,AIR PAYS DE LA LOIRE,,,,,,,,,,"47,319157","-2,066953"
FR23181,PARC PAYSAGER,,,AIR PAYS DE LA LOIRE,,,,,,,,,,"47,273056","-2,223056"
FR23182,SOURCES,,,AIR PAYS DE LA LOIRE,,,,,,,,,,"47,971066","0,221422"
FR23188,CIM BOUTEILLERIE,,,AIR PAYS DE LA LOIRE,,,,,,,,,,"47,2225","-1,5375"
FR23230,GASPARD,,,AIR PAYS DE LA LOIRE,,,,,,,,,,"47,253056","-2,332067"
FR23238,LEVOYER,,,AIR PAYS DE LA LOIRE,,,,,,,,,,"47,1941472","-1,581677778"
FR23239,LES COUETS,,,AIR PAYS DE LA LOIRE,,,,,,,,,,"47,1859194","-1,59149722222222"
FR24007,ANTIBES JEAN MOULIN,,,ATMO SUD,,,,,,,,,,"43,598803","7,093153"
FR24009,CANNES BROUSSAILLES,,,ATMO SUD,,,,,,,,,,"43,558389","7,005919"
FR24011,NICE OUEST BOTANIQUE,,,ATMO SUD,,,,,,,,,,"43,685188","7,211174"
FR24014,CIANS,,,ATMO SUD,,,,,,,,,,"44,094688","6,988978"
FR24015,GRASSE CLAVECIN,,,ATMO SUD,,,,,,,,,,"43,657767","6,920878"
FR24018,MANOSQUE,,,ATMO SUD,,,,,,,,,,"43,835784","5,786131"
FR24021,PEILLON,,,ATMO SUD,,,,,,,,,,"43,786583","7,373283"
FR24023,CONTES 2,,,ATMO SUD,,,,,,,,,,"43,788748","7,332382"
FR24033,GAP COMMANDERIE,,,ATMO SUD,,,,,,,,,,"44,555193","6,073015"
FR24035,NICE PROMENADE,,,ATMO SUD,,,,,,,,,,"43,689291","7,242074"
FR24036,NICE ARSON,,,ATMO SUD,,,,,,,,,,"43,702075","7,286256"
FR24038,GAP JEAN JAURES,,,ATMO SUD,,,,,,,,,,"44,548647","6,067237"
FR24039,Obs Haute-Provence,,,ATMO SUD,,,,,,,,,,"43,933476","5,711809"
FR24040,Cheiron,,,ATMO SUD,,,,,,,,,,"43,791911","7,048276"
FR25011,Pt Couronne Ch d eau,,,ATMO NORMANDIE,,,,,,,,,,"49,383133","1,025758"
FR25035,Gd Couronne Mairie,,,ATMO NORMANDIE,,,,,,,,,,"49,358215","1,007853"
FR25036,Espace du Palais,,,ATMO NORMANDIE,,,,,,,,,,"49,44246","1,093694"
FR25039,Evreux Centre,,,ATMO NORMANDIE,,,,,,,,,,"49,02134","1,148319"
FR25040,Mesnil Esnard,,,ATMO NORMANDIE,,,,,,,,,,"49,40619","1,15515"
FR25043,Centre Hospitalier,,,ATMO NORMANDIE,,,,,,,,,,"49,40052","1,098825"
FR25045,Phare d Ailly,,,ATMO NORMANDIE,,,,,,,,,,"49,916363","0,957178"
FR25048,Petit Quevilly,,,ATMO NORMANDIE,,,,,,,,,,"49,428055","1,057778"
FR25049,Base loisirs Poses,,,ATMO NORMANDIE,,,,,,,,,,"49,30487","1,214367"
FR25050,Bures-en-bray,,,ATMO NORMANDIE,,,,,,,,,,"49,78122","1,345083"
FR25051,Dieppe prox-auto,,,ATMO NORMANDIE,,,,,,,,,,"49,918007","1,073972"
FR25053,Rouen Proxi Quai de Paris,,,ATMO NORMANDIE,,,,,,,,,,"49,436699","1,098838"
FR25054,Petit-Quevilly Sud 3,,,ATMO NORMANDIE,,,,,,,,,,"49,4341639","1,067052778"
FR25501,Saint-Saens,,,ATMO NORMANDIE,,,,,,,,,,"49,6713","1,2843"
FR26005,Dijon Péjoces,,,ATMO BOURGOGNE-FRANCHE-COMTE,,,,,,,,,,"47,307368","5,065881"
FR26010,Daix,,,ATMO BOURGOGNE-FRANCHE-COMTE,,,,,,,,,,"47,3456","5,002377"
FR26012,Morvan,,,ATMO BOURGOGNE-FRANCHE-COMTE,,,,,,,,,,"47,274762","4,099476"
FR26014,Dijon Trémouille,,,ATMO BOURGOGNE-FRANCHE-COMTE,,,,,,,,,,"47,325744","5,041056"
FR26016,Sens,,,ATMO BOURGOGNE-FRANCHE-COMTE,,,,,,,,,,"48,200436","3,2773"
FR26017,Nevers,,,ATMO BOURGOGNE-FRANCHE-COMTE,,,,,,,,,,"46,996828","3,171092"
FR26019,Auxerre,,,ATMO BOURGOGNE-FRANCHE-COMTE,,,,,,,,,,"47,800575","3,576189"
FR26035,Nuits-Saint-Georges,,,ATMO BOURGOGNE-FRANCHE-COMTE,,,,,,,,,,"47,137231","4,950573"
FR26043,Dijon-Transvaal,,,ATMO BOURGOGNE-FRANCHE-COMTE,,,,,,,,,,"47,315459","5,040202"
FR26114,Le Gratteris,,,ATMO BOURGOGNE-FRANCHE-COMTE,,,,,,,,,,"47,182173","6,139338"
FR27002,ROUSSILLON,,,ATMO AUVERGNE-RHÔNE-ALPES,,,,,,,,,,"45,36782","4,805147"
FR27003,ROCHES DE CONDRIEU,,,ATMO AUVERGNE-RHÔNE-ALPES,,,,,,,,,,"45,454517","4,766528"
FR27005,Sablons,,,ATMO AUVERGNE-RHÔNE-ALPES,,,,,,,,,,"45,321845","4,770702"
FR27007,Bourgoin-Jallieu,,,ATMO AUVERGNE-RHÔNE-ALPES,,,,,,,,,,"45,60822","5,270872"
FR27010,Plateau de Bonnevaux,,,ATMO AUVERGNE-RHÔNE-ALPES,,,,,,,,,,"45,4609","5,181081"
FR27011,A7 Salaise Ouest,,,ATMO AUVERGNE-RHÔNE-ALPES,,,,,,,,,,"45,344078","4,807481"
FR28010,Harnes Serres,,,ATMO HAUTS DE FRANCE,,,,,,,,,,"50,44914","2,9"
FR28022,St-Laurent-Blangy,,,ATMO HAUTS DE FRANCE,,,,,,,,,,"50,30886","2,807369"
FR28028,Bethune Stade,,,ATMO HAUTS DE FRANCE,,,,,,,,,,"50,535385","2,635692"
FR28033,Noeux-les-Mines,,,ATMO HAUTS DE FRANCE,,,,,,,,,,"50,48972","2,66642"
FR28034,ISBERGUES,,,ATMO HAUTS DE FRANCE,,,,,,,,,,"50,6257583","2,47322777777777"
FR28115,Lens Varsovie,,,ATMO HAUTS DE FRANCE,,,,,,,,,,"50,428604","2,836111"
FR29423,ROANNE,,,ATMO AUVERGNE-RHÔNE-ALPES,,,,,,,,,,"46,04111","4,074656"
FR29424,SAINT ETIENNE SUD,,,ATMO AUVERGNE-RHÔNE-ALPES,,,,,,,,,,"45,42009","4,395422"
FR29426,SAINT-CHAMOND,,,ATMO AUVERGNE-RHÔNE-ALPES,,,,,,,,,,"45,475327","4,515003"
FR29429,RIVE DE GIER,,,ATMO AUVERGNE-RHÔNE-ALPES,,,,,,,,,,"45,533424","4,623939"
FR29439,LA TALAUDIERE,,,ATMO AUVERGNE-RHÔNE-ALPES,,,,,,,,,,"45,481777","4,429667"
FR29441,ST ETIENNE BD URBAIN ,,,ATMO AUVERGNE-RHÔNE-ALPES,,,,,,,,,,"45,4479806","4,388763889"
FR30016,Hotel Districal,,,ATMO GRAND EST,,,,,,,,,,"48,685856","6,175111"
FR30018,Remiremont,,,ATMO GRAND EST,,,,,,,,,,"48,024605","6,585836"
FR30019,Epinal,,,ATMO GRAND EST,,,,,,,,,,"48,17278","6,452811"
FR30020,Bar Le Duc,,,ATMO GRAND EST,,,,,,,,,,"48,77586","5,162789"
FR30021,Fléville,,,ATMO GRAND EST,,,,,,,,,,"48,621502","6,194922"
FR30023,St-Nicolas,,,ATMO GRAND EST,,,,,,,,,,"48,63334","6,304828"
FR30026,Luneville,,,ATMO GRAND EST,,,,,,,,,,"48,584824","6,4839"
FR30027,Frolois,,,ATMO GRAND EST,,,,,,,,,,"48,565445","6,129578"
FR30028,Schlucht,,,ATMO GRAND EST,,,,,,,,,,"48,051117","7,011114"
FR30029,Vittel,,,ATMO GRAND EST,,,,,,,,,,"48,19361","5,937222"
FR30030,Neuves-Maisons,,,ATMO GRAND EST,,,,,,,,,,"48,614914","6,107672"
FR30032,Heming,,,ATMO GRAND EST,,,,,,,,,,"48,694725","6,965275"
FR30033,Jonville en Woevre,,,ATMO GRAND EST,,,,,,,,,,"49,06583","5,785556"
FR30034,Nancy-Charles III,,,ATMO GRAND EST,,,,,,,,,,"48,68817","6,190431"
FR30036,Nancy-Libération,,,ATMO GRAND EST,,,,,,,,,,"48,69708","6,154194"
FR30037,Nancy-Brabois 2,,,ATMO GRAND EST,,,,,,,,,,"48,656944","6,136022"
FR31001,GRAND PARC,,,ATMO NOUVELLE-AQUITAINE,,,,,,,,,,"44,86139","-0,579444"
FR31002,TALENCE,,,ATMO NOUVELLE-AQUITAINE,,,,,,,,,,"44,800556","-0,588056"
FR31003,BORDEAUX-BASTIDE,,,ATMO NOUVELLE-AQUITAINE,,,,,,,,,,"44,849724","-0,543889"
FR31006,MERIGNAC,,,ATMO NOUVELLE-AQUITAINE,,,,,,,,,,"44,84139","-0,65"
FR31007,BASSENS,,,ATMO NOUVELLE-AQUITAINE,,,,,,,,,,"44,900276","-0,514722"
FR31008,LE TEMPLE,,,ATMO NOUVELLE-AQUITAINE,,,,,,,,,,"44,865555","-0,939444"
FR31010,AMBES,,,ATMO NOUVELLE-AQUITAINE,,,,,,,,,,"45,012223","-0,528333"
FR31013,BILLERE,,,ATMO NOUVELLE-AQUITAINE,,,,,,,,,,"43,310833","-0,391111"
FR31016,SAINT-CROUTS,,,ATMO NOUVELLE-AQUITAINE,,,,,,,,,,"43,47972","-1,488056"
FR31017,ANGLET,,,ATMO NOUVELLE-AQUITAINE,,,,,,,,,,"43,494031","-1,528765"
FR31020,LACQ,,,ATMO NOUVELLE-AQUITAINE,,,,,,,,,,"43,410557","-0,616944"
FR31021,LABASTIDE CEZERACQ,,,ATMO NOUVELLE-AQUITAINE,,,,,,,,,,"43,376276","-0,538192"
FR31022,LAGOR,,,ATMO NOUVELLE-AQUITAINE,,,,,,,,,,"43,40972","-0,671667"
FR31023,MASLACQ,,,ATMO NOUVELLE-AQUITAINE,,,,,,,,,,"43,434166","-0,691944"
FR31024,MOURENX,,,ATMO NOUVELLE-AQUITAINE,,,,,,,,,,"43,376945","-0,609444"
FR31026,TARTAS Pelletrin,,,ATMO NOUVELLE-AQUITAINE,,,,,,,,,,"43,838333","-0,810833"
FR31033,PERIGUEUX,,,ATMO NOUVELLE-AQUITAINE,,,,,,,,,,"45,18972","0,727222"
FR31036,DAX,,,ATMO NOUVELLE-AQUITAINE,,,,,,,,,,"43,704723","-1,038611"
FR31039,PAU TOURASSE,,,ATMO NOUVELLE-AQUITAINE,,,,,,,,,,"43,31109","-0,352119"
FR31040,MARMANDE,,,ATMO NOUVELLE-AQUITAINE,,,,,,,,,,"44,508656","0,142503"
FR31041,MONT DE MARSAN,,,ATMO NOUVELLE-AQUITAINE,,,,,,,,,,"43,8961","-0,491403"
FR31043,Biarritz-hippodrome,,,ATMO NOUVELLE-AQUITAINE,,,,,,,,,,"43,47024","-1,553843"
FR31045,Bordeaux_GAUTIER,,,ATMO NOUVELLE-AQUITAINE,,,,,,,,,,"44,83383","-0,59853"
FR32001,Chalon Centre Ville,,,ATMO BOURGOGNE-FRANCHE-COMTE,,,,,,,,,,"46,782311","4,847322"
FR32002,Champforgueil,,,ATMO BOURGOGNE-FRANCHE-COMTE,,,,,,,,,,"46,821056","4,835083"
FR32005,Montceau-les-Mines,,,ATMO BOURGOGNE-FRANCHE-COMTE,,,,,,,,,,"46,678785","4,366893"
FR32006,Macon Paul Bert,,,ATMO BOURGOGNE-FRANCHE-COMTE,,,,,,,,,,"46,316172","4,839994"
FR32007,Le Creusot Molette,,,ATMO BOURGOGNE-FRANCHE-COMTE,,,,,,,,,,"46,802375","4,417486"
FR33101,PASTEUR,,,ATMO AUVERGNE-RHÔNE-ALPES,,,,,,,,,,"45,56472","5,928333"
FR33102,CHAMBERY LE HAUT,,,ATMO AUVERGNE-RHÔNE-ALPES,,,,,,,,,,"45,59667","5,918611"
FR33105,Chambéry Trafic,,,ATMO AUVERGNE-RHÔNE-ALPES,,,,,,,,,,"45,56943","5,932986"
FR33111,SAINT JEAN,,,ATMO AUVERGNE-RHÔNE-ALPES,,,,,,,,,,"45,274723","6,349722"
FR33113,Maurienne Trafic,,,ATMO AUVERGNE-RHÔNE-ALPES,,,,,,,,,,"45,209364","6,480326"
FR33120,CHAMONIX,,,ATMO AUVERGNE-RHÔNE-ALPES,,,,,,,,,,"45,9225","6,87"
FR33121,Albertville,,,ATMO AUVERGNE-RHÔNE-ALPES,,,,,,,,,,"45,675","6,389722"
FR33122,La Léchère,,,ATMO AUVERGNE-RHÔNE-ALPES,,,,,,,,,,"45,53583","6,471111"
FR33201,LOVERCHY,,,ATMO AUVERGNE-RHÔNE-ALPES,,,,,,,,,,"45,89528","6,118333"
FR33202,NOVEL,,,ATMO AUVERGNE-RHÔNE-ALPES,,,,,,,,,,"45,916943","6,135556"
FR33203,ANNECY Rocade,,,ATMO AUVERGNE-RHÔNE-ALPES,,,,,,,,,,"45,9097","6,11825"
FR33211,ANNEMASSE,,,ATMO AUVERGNE-RHÔNE-ALPES,,,,,,,,,,"46,19583","6,240556"
FR33212,GAILLARD,,,ATMO AUVERGNE-RHÔNE-ALPES,,,,,,,,,,"46,19369","6,214858"
FR33213,ANNEMASSE TRAFIC,,,ATMO AUVERGNE-RHÔNE-ALPES,,,,,,,,,,"46,1908111","6,23553611111111"
FR33220,PASSY,,,ATMO AUVERGNE-RHÔNE-ALPES,,,,,,,,,,"45,92361","6,713611"
FR33232,BOSSONS,,,ATMO AUVERGNE-RHÔNE-ALPES,,,,,,,,,,"45,907223","6,845833"
FR33302,St Germain/Rhône,,,ATMO AUVERGNE-RHÔNE-ALPES,,,,,,,,,,"46,072224","5,820833"
FR33305,Bourg-en-Bresse,,,ATMO AUVERGNE-RHÔNE-ALPES,,,,,,,,,,"46,211666","5,226389"
FR34013,Gambetta,,,LIG'AIR,,,,,,,,,,"47,907074","1,901139"
FR34014,St Jean,,,LIG'AIR,,,,,,,,,,"47,917394","1,966255"
FR34017,Marigny-les-usages,,,LIG'AIR,,,,,,,,,,"47,958972","2,009286"
FR34018,Montargis,,,LIG'AIR,,,,,,,,,,"47,997901","2,719514"
FR34024,Joué lès Tours,,,LIG'AIR,,,,,,,,,,"47,344132","0,653776"
FR34025,La Bruyère,,,LIG'AIR,,,,,,,,,,"47,419079","0,682941"
FR34026,Tours péri-urbaine,,,LIG'AIR,,,,,,,,,,"47,469262","0,717342"
FR34028,Pompidou,,,LIG'AIR,,,,,,,,,,"47,394643","0,704873"
FR34029,La_Source-CNRS,,,LIG'AIR,,,,,,,,,,"47,837765","1,944658"
FR34030,Bourges-Baffier,,,LIG'AIR,,,,,,,,,,"47,075044","2,407183"
FR34032,Leblanc,,,LIG'AIR,,,,,,,,,,"47,082784","2,405325"
FR34038,Verneuil,,,LIG'AIR,,,,,,,,,,"46,814695","2,610068"
FR34041,Fulbert,,,LIG'AIR,,,,,,,,,,"48,444422","1,510147"
FR34043,Oysonville,,,LIG'AIR,,,,,,,,,,"48,39114","1,955625"
FR34046,Dreux Centre,,,LIG'AIR,,,,,,,,,,"48,7297","1,358463"
FR34047,Saint-Remy,,,LIG'AIR,,,,,,,,,,"48,76089","1,23365"
FR34048,Chartres_trafic,,,LIG'AIR,,,,,,,,,,"48,44916","1,492475"
FR34051,Chateauroux Sud,,,LIG'AIR,,,,,,,,,,"46,798267","1,69313"
FR34054,Faverolles,,,LIG'AIR,,,,,,,,,,"47,170154","1,40968"
FR34056,Montierchaume,,,LIG'AIR,,,,,,,,,,"46,864535","1,771953"
FR34057,Issoudun_Trafic_ZR,,,LIG'AIR,,,,,,,,,,"46,942941","2,003258"
FR34061,Blois nord,,,LIG'AIR,,,,,,,,,,"47,594251","1,302662"
FR34063,Blois_trafic,,,LIG'AIR,,,,,,,,,,"47,586388","1,326389"
FR34064,Montargis_trafic,,,LIG'AIR,,,,,,,,,,"48,006936","2,74001"
FR34065,Montargis Fond,,,LIG'AIR,,,,,,,,,,"47,997055","2,731513"
FR34108,Bazoches_CC,,,LIG'AIR,,,,,,,,,,"48,166053","2,044028"
FR35002,ST JUNIEN - Fontaine,,,ATMO NOUVELLE-AQUITAINE,,,,,,,,,,"45,89","0,9"
FR35004,BRIVE - Dalton,,,ATMO NOUVELLE-AQUITAINE,,,,,,,,,,"45,158745","1,537222"
FR35005,GUERET - Nicolas,,,ATMO NOUVELLE-AQUITAINE,,,,,,,,,,"46,17","1,87"
FR35006,TULLE - Hugo,,,ATMO NOUVELLE-AQUITAINE,,,,,,,,,,"45,26","1,76"
FR35007,PALAIS S/ V.- Garros,,,ATMO NOUVELLE-AQUITAINE,,,,,,,,,,"45,869995","1,31"
FR35010,LIMOGES - Aine,,,ATMO NOUVELLE-AQUITAINE,,,,,,,,,,"45,829953","1,254846"
FR35012,LA NOUAILLE - MERA,,,ATMO NOUVELLE-AQUITAINE,,,,,,,,,,"45,809998","2,06"
FR35019,SAILLAT - Ipaper,,,ATMO NOUVELLE-AQUITAINE,,,,,,,,,,"45,87583","0,823889"
FR35027,LIMOGES - BERLAND,,,ATMO NOUVELLE-AQUITAINE,,,,,,,,,,"45,84222","1,25967"
FR36001,Valence Périurb. Sud,,,ATMO AUVERGNE-RHÔNE-ALPES,,,,,,,,,,"44,870243","4,876289"
FR36002,Valence Urb. Centre,,,ATMO AUVERGNE-RHÔNE-ALPES,,,,,,,,,,"44,933514","4,893481"
FR36007,Saint Bauzile CEC,,,ATMO AUVERGNE-RHÔNE-ALPES,,,,,,,,,,"44,675938","4,673586"
FR36019,Romans-sur-Isère,,,ATMO AUVERGNE-RHÔNE-ALPES,,,,,,,,,,"45,0425","5,0443"
FR36021,Drôme Rurale Sud-SND,,,ATMO AUVERGNE-RHÔNE-ALPES,,,,,,,,,,"44,569443","5,278972"
FR36032,A7 Valence Est,,,ATMO AUVERGNE-RHÔNE-ALPES,,,,,,,,,,"44,9492","4,890133"
FR37001,ST de Baie mahault,,,GWAD'AIR,,,,,,,,,,"16,257308","-61,591725"
FR37006,PTP-VICTOIRE,,,GWAD'AIR,,,,,,,,,,"16,23674","-61,534101"
FR37007,ST Vieux Bourg ABYMES,,,GWAD'AIR,,,,,,,,,,"16,25066","-61,527794"
FR37010,BT_PICHON,,,GWAD'AIR,,,,,,,,,,"15,994349","-61,727203"
FR38001,LYC. LISLET GEOFFROY,,,ATMO REUNION,,,,,,,,,,"-20,889893","55,46884"
FR38002,MONTGAILLARD,,,ATMO REUNION,,,,,,,,,,"-20,903294","55,468334"
FR38008,Ecole JOINVILLE,,,ATMO REUNION,,,,,,,,,,"-20,884575","55,453906"
FR38009,Ecole La Marine,,,ATMO REUNION,,,,,,,,,,"-20,910585","55,618977"
FR38011,Station Luther King,,,ATMO REUNION,,,,,,,,,,"-21,334406","55,45906"
FR38014,Ligne Paradis,,,ATMO REUNION,,,,,,,,,,"-21,312895","55,474194"
FR38016,Station Bourg-Murat,,,ATMO REUNION,,,,,,,,,,"-21,204815","55,58262"
FR38017,Grand Coude,,,ATMO REUNION,,,,,,,,,,"-21,29433","55,62793"
FR38018,Centre Penitencier,,,ATMO REUNION,,,,,,,,,,"-20,9498","55,313828"
FR38020,Plateau Caillou,,,ATMO REUNION,,,,,,,,,,"-21,009739","55,272675"
FR38021,Grand Fond,,,ATMO REUNION,,,,,,,,,,"-21,032139","55,232563"
FR38023,BD BANKS,,,ATMO REUNION,,,,,,,,,,"-21,331703","55,478949"
FR38024,RDT SAINT-LEU,,,ATMO REUNION,,,,,,,,,,"-21,213212","55,302844"
FR38091,Terrain de Sel,,,ATMO REUNION,,,,,,,,,,"-20,928686","55,332581"
FR38098,Sarda Garriga,,,ATMO REUNION,,,,,,,,,,"-21,277075","55,403065"
FR39003,Etang Zabricot,,,MADININAIR,,,,,,,,,,"14,6035","-61,0412"
FR39008,Ville de Schoelcher,,,MADININAIR,,,,,,,,,,"14,616389","-61,1008"
FR39009,Lamentin,,,MADININAIR,,,,,,,,,,"14,6107","-61,0026"
FR39010,Concorde,,,MADININAIR,,,,,,,,,,"14,6138","-61,0635"
FR39011,Reneville,,,MADININAIR,,,,,,,,,,"14,6142","-61,0531"
FR39014,Sainte_Luce,,,MADININAIR,,,,,,,,,,"14,468865","-60,927382"
FR39015,Hôtel de ville,,,MADININAIR,,,,,,,,,,"14,607315","-61,069802"
FR39016,Robert Bourg,,,MADININAIR,,,,,,,,,,"14,678064","-60,939065"
FR39017,Bellevue,,,MADININAIR,,,,,,,,,,"14,601709","-61,084694"
FR39109,Office du tourisme,,,MADININAIR,,,,,,,,,,"14,670771","-61,163428"
FR40006,Brady,,,ATMO GUYANE,,,,,,,,,,"5,164248","-52,64649"
FR40007,Kalou,,,ATMO GUYANE,,,,,,,,,,"4,84816","-52,3238"
FR40008,Caiena3,,,ATMO GUYANE,,,,,,,,,,"4,9378467","-52,32093"
FR40010,Matiti,,,ATMO GUYANE,,,,,,,,,,"5,034602","-52,563795"
FR41001,AJACCIO CANETTO,,,QUALITAIR CORSE,,,,,,,,,,"41,924686","8,735692"
FR41002,BASTIA GIRAUD,,,QUALITAIR CORSE,,,,,,,,,,"42,697918","9,446419"
FR41003,AJACCIO PIATANICCIA,,,QUALITAIR CORSE,,,,,,,,,,"41,964443","8,820278"
FR41004,BASTIA LA MARANA,,,QUALITAIR CORSE,,,,,,,,,,"42,535824","9,475978"
FR41007,AJACCIO SPOSATA,,,QUALITAIR CORSE,,,,,,,,,,"41,94923","8,757586"
FR41017,BASTIA MONTESORO,,,QUALITAIR CORSE,,,,,,,,,,"42,671337","9,434644"
FR41024,VENACO,,,QUALITAIR CORSE,,,,,,,,,,"42,2361","9,190019"
FR41059,AJACCIO ABBATUCCI,,,QUALITAIR CORSE,,,,,,,,,,"41,92575","8,738278"
FR41060,BASTIA FANGO,,,QUALITAIR CORSE,,,,,,,,,,"42,702783","9,446389"
FR42008,La Bresse Centre,,,ATMO GRAND EST,,,,,,,,,,"48,007455","6,87752"
FR42010,Strasbourg Neudorf Ecoquartier Danube,,,ATMO GRAND EST,,,,,,,,,,"48,572808","7,767833"
FR50060,Montauban,,,ATMO OCCITANIE,,,,,,,,,,"44,01285657","1,37530522"
FR82001,Besancon Mégevand,,,ATMO BOURGOGNE-FRANCHE-COMTE,,,,,,,,,,"47,235973","6,023611"
FR82005,Montfaucon,,,ATMO BOURGOGNE-FRANCHE-COMTE,,,,,,,,,,"47,23461","6,076472"
FR82006,Besancon Prevoyance,,,ATMO BOURGOGNE-FRANCHE-COMTE,,,,,,,,,,"47,2474","6,015419"
FR82010,Montbéliard centre,,,ATMO BOURGOGNE-FRANCHE-COMTE,,,,,,,,,,"47,510307","6,794"
FR82012,Dambenois Citoyen,,,ATMO BOURGOGNE-FRANCHE-COMTE,,,,,,,,,,"47,538193","6,868361"
FR82020,Belfort Octroi,,,ATMO BOURGOGNE-FRANCHE-COMTE,,,,,,,,,,"47,640667","6,859278"
FR82030,Montandon Baresans,,,ATMO BOURGOGNE-FRANCHE-COMTE,,,,,,,,,,"47,29464","6,825861"
FR82040,Dole centre,,,ATMO BOURGOGNE-FRANCHE-COMTE,,,,,,,,,,"47,09672","5,496389"
FR82041,Tavaux,,,ATMO BOURGOGNE-FRANCHE-COMTE,,,,,,,,,,"47,04261","5,400897"
FR82042,Damparis,,,ATMO BOURGOGNE-FRANCHE-COMTE,,,,,,,,,,"47,06564","5,415028"
FR82043,Chatenois,,,ATMO BOURGOGNE-FRANCHE-COMTE,,,,,,,,,,"47,14725","5,556117"
FR82050,Lons-le-Saunier CV,,,ATMO BOURGOGNE-FRANCHE-COMTE,,,,,,,,,,"46,671307","5,556806"
FR82060,Vesoul Pres Caillet,,,ATMO BOURGOGNE-FRANCHE-COMTE,,,,,,,,,,"47,62","6,157611"
FR82070,Baume-les-Dames,,,ATMO BOURGOGNE-FRANCHE-COMTE,,,,,,,,,,"47,351288","6,359722"
